App-name,Number
npm,30708
yarn,26985
git,13782
cd,12042
docker,11605
curl,10702
make,10363
pip,9343
bundle,8581
mvn,8404
bash,7714
python3,6329
go,6166
gradlew,5984
export,4936
python,4887
wget,4491
composer,4477
source,3919
apt-get,3392
tar,2930
npx,2762
node,2520
gradle,2433
do,2130
phpunit,2126
gem,2119
docker-compose,1949
php,1903
pushd,1603
mvnw,1595
popd,1576
ssh,1477
codecov,1473
gcloud,1431
oc,1326
flake8,1215
pipenv,1147
ghr,1144
mix,1096
ssh-keyscan,1004
tox,920
cargo,905
dotnet,863
lein,816
pip3,800
set-environment,764
apt,756
cmake,751
brew,690
virtualenv,676
coverage,671
command,635
terraform,612
rsync,607
heroku,606
openssl,592
twine,583
rustup,570
nyc,549
rails,538
dep,515
mysql,478
eval,478
nvm,453
conda,451
java,441
terminus,399
sbt,397
stack,391
codecept,371
nc,370
fastlane,366
gsutil,363
rustc,362
cf,351
phpcs,333
black,303
service,298
ruby,298
meteor,290
build,277
trap,271
golangci-lint,264
pylint,263
sdkmanager,262
helm,259
eb,259
Apollo,259
poetry,256
xvfb-run,250
pyenv,248
install,248
hugo,244
golint,241
pre-commit,240
flyway,240
goveralls,234
gh-pages,222
rake,221
semantic-release,219
gulp,213
sls,208
ansible-playbook,204
default,201
psql,197
dev-multidev,196
coveralls,192
eslint,191
adb,186
circle-android,186
xcodebuild,182
gcc,182
envsubst,182
shellcheck,163
clu,159
dependencies,157
tflint,157
bazel,156
flutter,153
isort,147
dpkg,145
packer,144
ng,141
deployment,141
emulator64-arm,135
jest,133
gox,133
uname,131
gpg,129
build_marlin_pio,126
sfdx,123
install-chrome,122
mypy,121
chown,121
serverless,121
env_backup,121
env_restore,121
generate_version,121
clojure,121
deploy,118
htmlproofer,115
jq,114
xcrun,113
ninja,113
publish,112
md5sum,110
phpstan,108
mkdocs,105
codespell,101
docker-php-ext-install,101
fwup,98
google-chrome,95
Xvfb,95
rubocop,94
architect,94
yamllint,94
dnf,92
gometalinter,89
sha256sum,89
rspec,89
glide,86
install_dependencies,85
pacman,85
pm2,84
emulator,83
sonar-scanner,82
Rscript,82
mocha,82
bower,81
install_run,79
bats,79
molecule,79
printenv,78
ssh-add,75
behat-cleanup,74
lint,73
grunt,73
ant,73
pycodestyle,72
sshpass,72
unset,72
timeout,72
rustfmt,72
lerna,72
libpango-1.0-0,70
whoami,69
nix-shell,69
ct,69
backup_ramps,68
promu,68
ansible-lint,67
setup,66
xml2rfc,66
mmark,66
android-22,66
android,66
add-apt-repository,66
console,65
opam,65
drush,65
ginkgo,64
behat,64
phpdbg,64
libexpat1,64
hadolint,63
choco,63
nix-build,62
android-21,62
function,61
truffle,61
ionic,60
install_deploysuite,59
bandit,59
sphinx-build,59
cypress,59
nuget,59
apt-install,58
defaults_Dependencies,58
dotnet.exe,57
python3.4,56
time,55
goreleaser,55
gatsby,55
crystal,54
deactivate,53
build_jekyll,53
base64,52
tsc,52
nohup,52
markdownlint,51
install_dependency,51
fonts-liberation,51
deb,51
package_docs,50
python3.6,50
gconf-service,50
shards,50
make',50
carthage,49
nvcc,49
ember,49
rvm,48
shopt,48
ansible-galaxy,48
mongo,48
hexo,48
mdl,47
cibuild,47
libxdamage1,47
chromedriver,47
surge,47
make.bash,46
tree,46
webpack,46
nix-env,46
google_apis,45
xargs,45
ccache,45
perl,44
govendor,44
ulimit,44
phpmd,43
build-essential,43
jsdoc,43
python-codacy-coverage,43
jekyll,43
yq,43
su,43
metamaskbot-build-announce.js,43
return,42
bootstrap,42
apt-key,42
createdb,42
reaction,41
awesome_bot,41
pyinstaller,41
boot,41
trivy,40
ssh-keygen,40
install-android-packages,40
install-ndk,40
ci-build,40
msbuild,40
install-buck,39
run-lint-checks,39
buck,39
python3.7,39
release_publisher,38
cabal,38
create-ndk-directory,38
goverage,38
anaconda,37
main,37
ga,37
install-android-build-dependencies,37
compile-native-libs,37
build-android-app,37
wait-for-avd,37
latexmk,37
lftp,37
jfrog,37
rosdep,37
alias,37
liche,36
robo,36
create-avd,36
launch-avd,36
build-js-bundle,36
javac,36
snyk,36
ci,35
run_build,35
nox,35
pub,35
detox,34
run-sanity-checks,34
chromedriver-linux,34
jupyter,34
ansible,34
df,34
doxygen,34
sentry-cli,34
invoke,33
nodejs,33
kind,33
staticcheck,32
xvfb_start,32
ENDSSH,32
rebar3,32
inv,32
snapcraft,32
inspec,32
android-16,32
ghp-import,31
login,31
android-24,31
setup_environment,31
cmake3,31
id,31
curl-dev,31
Write-Host,30
percy,30
kill,30
prospector,30
gomobile,30
download-dependencies-gradle,30
download-dependencies-buck,30
"quit""",30
mono,30
nose2,30
pdflatex,30
bundler,29
docker-php-ext-enable,29
gitChanged,29
lsb_release,29
declare,29
password,29
FALSE,29
wp,29
dartanalyzer,29
brakeman,29
kops,28
run-flow-checks,28
start-stop-daemon,28
package_cloud,28
allure,28
clang,28
conan,28
python2,27
dnslink-dnsimple,27
install-node-dependencies,27
karma,27
boot-simulator-iphone,27
libxcursor1,27
sort,27
du,27
valgrind,27
gitPublishPackageLockChanges,26
import,26
gruntwork-install,26
julia,26
pandoc,26
grafana-toolkit,26
parallel-lint,26
s3deploy,26
kitchen,25
flask,25
fossa,25
brew-install-watchman,25
simple-phpunit,25
go-junit-report,25
setup_miniconda,25
apt-add-repository,25
newman,25
yapf,25
pip-install,24
jupyter-book,24
free,24
gridlabd,24
rmdir,24
sam,24
patch,24
wait-on,24
machine,24
Unity,24
githubsetup,24
setup-kube-auth,24
karr_lab_build_utils3,24
entrypoint,24
pecl,24
py-pip,24
release,24
waitForAVD,24
launchAVD,24
createAVD,24
build-ci.rb,24
repo,23
lcov,23
pip-compile,23
notacommand,23
setSecretVar,23
qmake,23
meson,23
centos-ami-template.json,23
ecs,23
cli.js,23
crowdin,23
mbed,23
shasum,23
CREATE,23
exp,23
mage,23
luacheck,23
dpkg-buildpackage,23
deps-install,22
rpmbuild,22
gosu,22
install-dependencies,22
"android-28""",22
md-proofer,22
dockersave,22
dockerload,22
mint-build,22
locale-gen,22
nimble,22
wait,22
pkill,22
osx,22
doc-build,21
pydocstyle,21
`git,21
setPublicVar,21
globality-build,21
danger,21
dockerdeploy,21
clean,21
sake,21
mirror,21
nginx,21
yarn-install,21
kcov,21
git-crypt,21
install-deps,21
run_yarn_install,21
docker-login,21
android-25,21
flow,21
autoreconf,20
python3.5,20
behave,20
security-checker,20
zlib1g-dev,20
emacs,20
dune,20
.\python\tools\python.exe,20
install-meteor,20
setup_prerelease_commit_hash,20
gaucho,20
install_yarn_version,20
lunch,20
fab,20
lsof,20
head,20
kustomize,19
security,19
tfsec,19
godelw,19
tslint,19
Deploy,19
deployment-cli,19
yarn',19
useradd,19
const,19
upload-github-release-assets,19
add,19
.\pythonx86\tools\python.exe,19
win-install-dependencies-template,19
env\Scripts\activate.ps1,19
prettier,19
ahoy,19
install-yarn,19
ecs-deploy,19
eslint.js,19
pwsh,19
gitlint,19
sysctl,19
upload,19
expo,19
redis-server,19
reflection-linter,19
google-chrome-stable,19
nextflow,18
boot-simulator-appletv,18
StrictHostKeyChecking,18
dockerenv,18
install-dependences-template,18
npmrc,18
using,18
standard,18
llc,18
skip-check,18
cloud-nuke,18
libasound2,18
jar,18
Host,18
elixir,18
locale,18
conda_upload,18
phantomjs,18
bam,17
ava,17
"x86""",17
bumpversion,17
skaffold,17
jshint,17
geth,17
1',17
splunk-appinspect,17
nix-channel,17
yarn-publish,17
build-wrapper-linux-x86-64,17
cut,17
yarn_install,17
json,16
libssl-dev,16
shred,16
mpirun,16
mdbook,16
7z,16
polymer,16
install_npm,16
etlas,16
python2.7,16
nim,16
react-native,16
s3_website,16
"m2repository""",16
this,16
Invoke-WebRequest,16
b2,16
GCP-auth,16
setup.py,16
safety,16
luarocks,16
read,16
EOT,16
moovsdk,16
gocovmerge,16
deploy-webhook,16
reviewdog,16
.codecov,16
lighthouse,16
spec,16
doc-bundle,15
fonts-install,15
mpl-install,15
up,15
flit,15
auditwheel,15
phplint,15
dredd,15
compile,15
scons,15
buildDocker,15
goss,15
dockerbuild,15
gitbook,15
zappa,15
scan-build,15
autoconf,15
keytool,15
Expand-Archive,15
nodejsscan,15
wasm-pack,15
run_build_ossfuzz,15
ecs-cli,15
phpspec,15
hash,15
Start-Process,15
esy,15
cordova,15
a.out,15
godacov,15
docker-build-and-push,15
IdentityFile,15
sequelize,15
clang-format,15
FLUSH,15
worldserver,15
greenkeeper-shrinkwrap-upload,15
install-dependencies-template,14
local,14
composer.phar,14
sccache,14
forever,14
pyflakes,14
apt-transport-https,14
lhci,14
strip,14
hello,14
espbuild,14
merge-check,14
platformio,14
docker-build,14
create-image-version,14
tag-git-version,14
IdentitiesOnly,14
tns,14
zsh,14
dir,14
cc,14
postgresql-client,14
protoc,14
dpl,14
Build,13
Unit,13
ganache-cli,13
misspell,13
Copyright,13
killall,13
pnpm,13
npm_install,13
Lint,13
parallel,13
poirot,13
cask,13
web-ext,13
urpms,13
phing,13
gocyclo,13
"stable""",13
software-properties-common,13
linkchecker,13
Test,13
libxi6,13
task,13
type,13
push_docs_to_repo.py,13
push,13
build.py,13
codacycoverage,13
n,13
mvn-settings,13
mvn-go-offline,13
gofmt,13
authserver,13
go-wrapper,12
libpq-dev,12
cookiecutter,12
play,12
readonly,12
rpm,12
rustup-init,12
acyort,12
xbps-install,12
elm,12
prepare,12
rover,12
cljstyle,12
openssh-client,12
ci_addons,12
brunch,12
grow,12
regressions.py,12
run_proofs,12
CMD,12
libgdk-pixbuf2.0-0,12
libdbus-1-3,12
ssh-agent,12
http,12
ipfs,12
govend,12
gulp.js,12
cake,12
not,12
asciidoctor,12
robot,12
libnss3,12
libgconf-2-4,12
kaocha,12
setup_6.x,12
cucumber,12
busted,12
root-yarn,12
pulumi,12
xdg-utils,12
libxcb1,12
hass,12
daml,12
linuxkit,12
gigalixir,12
"true""",12
python-dev,12
stylelint,12
conda_rerender,12
conda_build,12
"make""",12
install-gradle,12
solium,12
dch,12
gosec,11
from,11
docker_build,11
tee,11
python3.8,11
appcenter,11
paster,11
mocha-phantomjs,11
check,11
doctl,11
build-ci,11
setup-minikube,11
mojaloop-policy-generator.js,11
install-node,11
openrc,11
COPY,11
google,11
New-Item,11
alembic,11
BrowserStackLocal,11
sws-caravan,11
gitsem,11
"android-26""",11
avdmanager,11
clj-kondo,11
bundle-audit,11
grumphp,11
run-flow-checks-android,11
run-flow-checks-ios,11
dub,11
libxss1,11
minergate-cli,11
gpg2,11
ci_pronto,11
g',11
exec,11
webdriver-manager,11
upx,11
umask,11
svn,11
sqlite3,11
linux,11
pep8,11
min,11
cover,10
markdown-link-check,10
ineffassign,10
setPublicVar_CI_STABLE_BRANCH,10
install_python,10
Check,10
sc,10
libsqlite3-dev,10
ls',10
github.com,10
module,10
trx2junit,10
nx,10
expect,10
copyEnvVarsToGradleProperties,10
godot,10
gettext,10
data,10
automake,10
python_environment.py,10
package,10
e2ectl,10
psalm,10
cachix,10
go-acc,10
grcov,10
papermill,10
nix,10
assert,10
grow_install,10
read-image-version,10
commitlint,10
...,10
pcov,10
gocritic,10
envinfo,10
caffeinate,10
vsce,10
lerna-changelog,10
build-go-binaries,10
libcurl4-openssl-dev,10
istanbul,10
ami.json,10
git-push-all,10
mvn-license-format,10
NERT,10
goxz,10
dgoss,10
zef,10
create_conda_env,10
s3cmd,10
hlint,10
ldd,10
mount,10
grill,10
grakn,10
genhtml,9
EOM,9
migrate,9
gclient,9
powershell,9
gh_release,9
asdf,9
let,9
minerd,9
hostname,9
yarn-lint,9
make_tag,9
vagrant,9
mysqladmin,9
WORKDIR,9
oss,9
no-backports,9
prisma,9
kubeval,9
vulcan,9
setup-and-build-web,9
start-api,9
build-api,9
start-web,9
xvfb,9
remark,9
chef,9
puts,9
c8,9
crank,9
ping,9
39m',9
ros,9
whereis,9
zypper,9
"27.0.2""",9
vrun,9
dktl,9
build_package,9
run_coveralls,9
raco,9
libevent-dev,9
akku,9
instruments,9
"g""",9
android-19,9
"28.0.3""",9
codecov',9
npm-install,9
pypy,8
teeworlds_srv,8
gofumports,8
gcov,8
django-admin,8
asciibinder,8
swagger,8
<toolchains,8
key,8
install_cwl_runner,8
exec_upgrade_pip,8
setup_repo,8
blc,8
vault,8
knex,8
EOL,8
semtag,8
gometalinter.v2,8
A,8
',8
haxelib,8
therapist,8
create,8
"android-27""",8
doc8,8
php-coveralls,8
`yarn,8
sw_vers,8
mozinstall,8
mozdownload,8
fc-cache,8
operator-sdk,8
iwr,8
prove,8
"android-25""",8
js-coverage,8
ninja-build,8
install_packages,8
gover,8
".eslintrc.js""",8
"LICENSE""",8
"bug_report.md""",8
"enhancement.md""",8
"CODE_OF_CONDUCT.md""",8
"README.md""",8
".prettierrc.js""",8
"THIRD_PARTY_NOTICES.md""",8
"package.json""",8
".gitignore""",8
"cla.md""",8
nr1,8
adduser,8
python-pip,8
bootstrap.py,8
upload.py,8
create-dist.py,8
peltak,8
rancher,8
sql-migrate,8
nws,8
phpize,8
nvidia-smi,8
dartfmt,8
pypy3,8
libcairo2,8
libgtk-3-0,8
libxtst6,8
33mAborted,8
coverage-badge,8
vim,8
dzil,8
clang-tidy-8,8
zstd,8
build-frontpage.js,8
python2.6,7
format-coverage,7
bitbake,7
"2.2.1.0""",7
upload-template,7
init-pypirc-template,7
pleasew,7
foodcritic,7
libfreetype6-dev,7
coala,7
apache2,7
cipublish,7
iex,7
kaggle,7
git-version,7
coveralls.js,7
codecov-bash,7
cci-clone,7
vuepress,7
schemaenv,7
goose,7
gnupg-agent,7
libtool,7
libsdl2-dev,7
matlab,7
skipping,7
libpangocairo-1.0-0,7
libglib2.0-0,7
assuming,7
deno,7
android-26,7
intel,7
"Hardware_Accelerated_Execution_Manager""",7
cv,7
support,7
tox-install,7
notary,7
http-server,7
libopus-dev,7
dart,7
full_build,7
grow_build,7
php7.1-fpm,7
chamber,7
conda-build,7
cmp,7
Integration,7
armake,7
magento,7
redis-cli,7
apollo,7
antora,7
build-translation-resources,7
apt-cache,7
goapp,7
nyc.js,7
python3-pip,7
cloud_sql_proxy,7
pdd,7
libtbb-dev,7
clang-8,7
libjemalloc-dev,7
clang-format-8,7
llvm-8,7
emsdk,7
debuild,7
open,7
feeds,7
radon,7
buildout,7
drupal-check,7
"ls""",7
getAndroidNDK,7
jsonlint,7
sha1sum,7
just,7
html5validator,7
vale,7
carton,7
helmsman,7
no,7
run-import-gpg,7
.npmrc,7
install-package-template,6
with,6
xsltproc,6
program,6
path,6
fetch,6
xz-utils,6
hubploy-helm-deploy,6
hubploy-image-builder,6
libudev-dev,6
libswscale-dev,6
check_dirty,6
hasura,6
doctrine,6
name:,6
chyle,6
jupyter-nbconvert,6
dist,6
tlmgr,6
slim,6
libboost-serialization-dev,6
git-core,6
saltyrtc-server-launcher,6
clair-scanner,6
godep,6
User,6
gu,6
libxml2-dev,6
bison,6
libxcomposite1,6
libx11-6,6
nix-store,6
platform,6
root,6
mdspell,6
bazelisk,6
"26.0.0""",6
Throw,6
python3-dev,6
public,6
postgres,6
postgrest,6
publish-npm-semver-tagged,6
print_title,6
hpack,6
ss,6
ip,6
constraint,6
libboost-program-options-dev,6
backend,6
oya,6
apidoc,6
region,6
check_specs,6
level,6
ubuntu-ami.json,6
datalad,6
autotag,6
nebulae,6
bundle_install,6
ci_run,6
system_information,6
build-base,6
"amd64""",6
git_checkout,6
cleanup,6
Copy-Item,6
php7.2-fpm,6
201,6
31m,6
install_python_3,6
libnspr4,6
libx11-xcb1,6
libcups2,6
libc6,6
libxrender1,6
lsb-release,6
python<<,6
su-exec,6
colcon,6
server,6
cfy,6
libpnglite-dev,6
bump,6
textlint,6
go-bindata,6
N,6
install_docker,6
post_build,6
framgia-ci,6
7za,6
pdoc,6
dot,6
chandler,6
graphviz,6
stat,6
bomsweeper,6
build_container,6
npm_install_and_link,6
pip2,6
bit,6
xmlstarlet,6
FROM,6
crna-publish.js,6
git-chglog,6
checkout-shallow,6
sdk,6
runsim,6
npm-cli-login,6
csi,6
"installing""",6
apiary,6
dbt,6
spleeter,6
vendor,6
jabba,6
selenium-standalone,6
debian,6
jb,6
build-image,6
neuro,5
sdist-build-template,5
format,5
more,5
version,5
gcloudauth,5
myke,5
dockerauth,5
cdk,5
project,5
semantic-release',5
g,5
deepsource,5
paths,5
gn,5
libreadline-dev,5
translations_upload,5
repo2docker,5
node-prune,5
dd,5
compute,5
put,5
install_composer,5
jasmine,5
benchmark.py,5
init_gcloud,5
report_coverage,5
true',5
pkg,5
libelf-dev,5
packagecore,5
Remove-Item,5
gnupg,5
drupal,5
haxe,5
helm_pkg.py,5
\curl,5
excode,5
schema,5
bitcoind,5
flex,5
android-23,5
virtuatable,5
example,5
"27.0.3""",5
"google_play_services""",5
usermod,5
groups,5
delete_images,5
demo,5
..,5
megacheck,5
bloom-generate,5
fakeroot,5
If,5
k3d,5
.\gradlew.bat,5
sculpin,5
pc,5
setup_git,5
pg_ctl,5
ci-yarn-upgrade,5
install-sbt,5
"consul.tar.gz""",5
constraint-layout,5
com,5
m2repository,5
libboost-thread-dev,5
pytype,5
npm-prepublish,5
commitlint-circle,5
zunit,5
rst-lint,5
releasely,5
nixpkgs.openssh,5
nixpkgs.gnutar,5
tx,5
you,5
infection,5
ci-scripts,5
kobaltw,5
twistcli,5
db-helper,5
set-e2e-variables,5
build_docker_image_server,5
luacov-coveralls,5
lcov.info,5
dotnet-cake,5
build_docs,5
bx,5
love-release,5
love,5
setx,5
e2e,5
conventional-changelog,5
user,5
set-dev-version.js,5
libgcc1,5
libxext6,5
libatk1.0-0,5
libxrandr2,5
refreshenv,5
release-pypi,5
wagon,5
review-pdfmaker,5
buildevents,5
DDNet-Server,5
libogg-dev,5
libglew-dev,5
libwavpack-dev,5
helm-deploy,5
gfortran,5
mepo,5
mongod,5
deploy.js,5
generate_version_header_for_marlin,5
state-of-edoc.escript,5
python3-setuptools,5
xz,5
stellar-core,5
bitbucket.org,5
dpkg-deb,5
may,5
ibmcloud,5
lizard,5
makensis,5
xargo,5
unlink,5
index.js,5
webpack.js,5
docker-push,5
ameba,5
"writeVersion""",5
runbuild,5
nproc,5
ncftpput,5
elm-app,5
pylint-fail-under,5
reportgenerator,5
docker-squash,5
build-docker-image,5
load-docker-image-layer-cache,5
setup-docker-image-name,5
create-volume-for-remote-mount,5
load-docker-image,5
v<<,5
nucypher,5
mc,5
gdrive,5
middleman,5
diesel,5
python-setuptools,5
rpmdev-setuptree,5
dockerlint,5
lotus,5
grails,5
appium,5
stty,5
autopep8,5
sync,5
"29.0.2""",5
serve-accesslint,5
httpd,5
prototool,5
vnu,5
pylama,5
dig,5
gs,5
mk-build-deps,5
projects-summary,5
covermerge,5
amazon-linux-extras,5
au,5
setup_env_vars,4
docker-php-source,4
vendoring,4
revive,4
openssh,4
graknlabs_common,4
dockerd,4
parcel,4
pull-submodules,4
fake,4
cookstyle,4
libpng-dev,4
libz-dev,4
install-clojure,4
deploy-docs,4
setup-env,4
bolt,4
electron-rebuild,4
envsub,4
rstcheck,4
xxd,4
eclipse,4
llvm,4
libncurses5-dev,4
swig,4
gimbal,4
tendermint,4
gradle-download-deps,4
install-npm,4
checkout-submodules,4
slither,4
send,4
xvfbd,4
csmacnz.Coveralls,4
lando,4
*.nupkg,4
netstat,4
nasm,4
Set-ExecutionPolicy,4
godog,4
"3.6.4111459""",4
install4jc,4
Compress-Archive,4
wait-for-it,4
changelog-tool,4
credentials,4
quasar,4
linux-headers,4
instruqt,4
postman,4
phpunit',4
cgr,4
note,4
solc,4
gitian-build.py,4
redoc-cli,4
wpr,4
hubploy,4
install_gems,4
setup_gems,4
tr,4
gcc-5,4
gcc-6,4
fpm,4
Move-Item,4
"26.0.2""",4
envdir,4
tidyall,4
packager-warmup,4
packager-jet,4
libgtk2.0-0,4
MasterBuild,4
parity,4
gpg-agent,4
fargate,4
inspect,4
go-elasticsearch,4
zlib-dev,4
build-docker,4
checkout-merge-master,4
ios,4
Exponent.xcarchive,4
nixpkgs.xz,4
nixpkgs.direnv,4
expotools,4
nixpkgs.git,4
wwhrd,4
cekit-image-validator-runner,4
Dependency,4
lualatex,4
VERSION_CHECK,4
go-header,4
constraint-layout-solver,4
.coverage.*,4
check-changes,4
epmd,4
zap-baseline.py,4
nca,4
google-cloud-auth,4
docker-tag-and-push,4
pre_install,4
kotlinc,4
rbenv,4
locales,4
mamba,4
assume_preprod_admin_role,4
prepare_ssh_key,4
ecr_login,4
assume_prod_admin_role,4
build_and_release,4
clang-tidy,4
meta,4
gitversion,4
use,4
rancher-compose,4
numpy,4
codeceptjs,4
Send,4
init_project,4
garden,4
where,4
tag,4
llvm-cov,4
git-lfs,4
py,4
gcc-8,4
clang-6.0,4
biber,4
createuser,4
geckodriver,4
build.rb,4
cross-strip,4
int,4
aapt-get,4
fgt,4
lua,4
htmlhint,4
coveralls-lcov,4
sonar-scanner',4
apex,4
haml-lint,4
zola,4
mispipe,4
tagged_release,4
import_gpg_key,4
sonar-scan,4
now-purge,4
artisan,4
`print_env,4
pio,4
xelatex,4
make-release,4
add_env_var_as_env_prop,4
install-packages,4
master,4
buf,4
celery,4
elasticsearch,4
pelican,4
load,4
tools_install,4
wpe,4
dsc,4
tfenv,4
chimp,4
nomkl,4
production,4
go-paramfetch,4
libboost-system-dev,4
centos-ami.json,4
mka,4
Rust,4
run-danger,4
Clean,4
rips-cli,4
nvidia-docker,4
scl,4
cmd_pkgs_in_dep_order.py,4
shfmt,4
gdal-bin,4
automated,4
cljfmt,4
kd,4
terminal,4
dockle,4
checkout,4
pg_ctlcluster,4
docker-credential-gcr,4
circle_ci_trigger_build,4
consul,4
pigz,4
sass-lint,4
schroedinger,4
"bye""",4
Run,4
localedef,4
"codecov""",4
gunicorn,4
initsubmodules,4
godplugin,4
coverage3,4
chart,4
coreutils,4
"deploy""",4
coverlet,4
dvc,4
make_package,4
scalafmt,4
box,4
sass,4
route,4
eclint,4
temple,4
generate,4
set_env,4
documentable,4
trigger_build,4
qr,4
when,4
before-restore-build-cache,4
renderer,4
bibtex,4
hokusai,4
slate,4
quilt,4
Publish,4
blender,4
kelp,4
bump2version,4
app,4
xbuild,4
nm,4
buffalo,4
sphinx-apidoc,4
premake5,4
sdist-cython-install-template,3
sdist-install-template,3
slather,3
airflow,3
gh-pages.js,3
markcop,3
dc,3
solhint,3
libjpeg-dev,3
bb,3
install-leiningen,3
cfn-lint,3
build-docs,3
android-29,3
install_front_dependencies,3
python3-coverage,3
gh-release,3
themis,3
*_spec.rb,3
Mirror,3
migration,3
compose-deploy,3
libbz2-dev,3
libncursesw5-dev,3
liblzma-dev,3
tk-dev,3
git-directory-deploy,3
phpcf,3
cowsay,3
cs,3
stan,3
consensus,3
dummy-client,3
cigar,3
setupdb,3
gommit,3
singularity,3
npm-login-noninteractive,3
crudini,3
release-manager,3
texinfo,3
clasp,3
caddy-build,3
copy,3
md,3
nano,3
add-cors-to-couchdb,3
step_run_install_npm_dependencies,3
k6,3
spectool,3
ncurses-devel,3
generate-cache-key,3
semantic-rs,3
ecs-deployer.py,3
pg_dump,3
token,3
auth_npm,3
girder-install,3
install-git-source,3
expfactoryrobots,3
goodtables,3
tableschema,3
pg_isready,3
choosenim,3
cmd-docker-load,3
cmd-docker-save,3
build_binary,3
checkout.bash,3
"28.0.0""",3
tool,3
deb-s3,3
goheader,3
Start-Sleep,3
dump-env,3
syndesis,3
emcc,3
setup_base,3
openssl-dev,3
"\n""",3
ci_trufflepig.js,3
pydocmd,3
render_ipynb.bash,3
aero,3
berlioz,3
tern,3
agilekit,3
javaw,3
pmg,3
muffet,3
skopeo,3
libsodium-dev,3
publishM2,3
spectral,3
a0deploy,3
store,3
ci-status,3
android-wait-avd,3
influxd,3
Boot,3
<<<<<<<,3
gpgconf,3
gpg-preset-passphrase,3
lint-consul-retry,3
php-switch,3
dotnet-format,3
libhidapi-dev,3
zap-api-scan.py,3
yaml,3
vint,3
rubocop_challenger,3
microk8s.enable,3
musl-dev,3
cqlsh,3
defaults_Typescript,3
lib.json,3
dotnet-xunit-to-junit,3
executor,3
install_julia_in_docs,3
install_julia,3
set_global_npm_permissions,3
release-docker,3
build-images,3
tag-images,3
digdag,3
turtle,3
nixpkgs.curl,3
nixpkgs.rsync,3
escape,3
ignite,3
ship,3
staticdeploy,3
phpcbf,3
build-all,3
reg_auth,3
fbl,3
analyze_scores.js,3
cap,3
Sonar,3
Docker,3
libexpat1-dev,3
rc,3
nanobox,3
citools-docgen,3
hacking,3
building,3
jspm,3
pdf,3
assume_dev_admin_role,3
C:\Program,3
jpm,3
php.exe,3
standard-version,3
build-packages,3
dot-json,3
valid,3
its,3
\n,3
cythonize,3
lets,3
let's,3
dep-dl,3
waitforapt,3
antman,3
appcfg.py,3
qlot,3
jarsigner,3
justitia,3
goimports,3
errcheck,3
botX,3
solidity-coverage,3
install-dependecies,3
danger-lib,3
i686-w64-mingw32-objdump,3
review-webmaker,3
clang-format-6.0,3
semaphore,3
disown,3
rustdoc,3
release-version,3
"25.0.2""",3
puppet-lint,3
setup_container,3
createPR,3
fury,3
sqitch,3
ghc,3
comm,3
kahlan,3
minikube,3
electron-packager,3
ecs-preview,3
check-unstaged.bash,3
<,3
login_to_ecr,3
INSERT,3
UPDATE,3
run.py,3
rqscheduler,3
supervisor,3
libc-dev,3
SET,3
TechTestApp,3
zig,3
php-7.2,3
pulp,3
atlas,3
revel,3
dbmate,3
core,3
site,3
shadow-cljs,3
install-secrets,3
helloworld,3
distribute,3
login_docker,3
webstore,3
lintme,3
start,3
mdpdf,3
erl,3
f,3
auth_gcloud,3
azlint,3
push_explorer,3
groupadd,3
php-fpm,3
"0m\\n""",3
libvirt-dev,3
libvirt-clients,3
qemu,3
gothub,3
batch_nbconvert,3
cli,3
bioconda-utils,3
uxpin-merge,3
openjdk-11-jdk,3
bsdtar,3
^,3
script,3
prepare_repo,3
ipa,3
e4ca2ef0015a4be8597d31d9e3e70d88da33924ae72b0999e9f3b79304d4710d,3
f4e421b3bb3c32c39372f7f02fbe80c67580cccd381f9722b1c702b3ab63a1c7,3
f5ea546a4ccd64fbb71825f964171256388f1181b000f3c56747075e383c81c6,3
girder,3
fpublisher,3
hg,3
install-tools,3
index-servers,3
pypi,3
fc-match,3
pip-3.6,3
sandbox-init,3
build-exec,3
esutil,3
install_yarn,3
ember-cli,3
checkEncoding,3
checkEOL,3
grafana-e2e,3
grafana-cli,3
grafana-server,3
ginstall,3
nodejs-npm,3
all.bash,3
autoconf-archive,3
download_gradle_dependencies,3
pep257,3
add_git_user,3
openapi-generator,3
iOS,3
Generate,3
Python,3
docs,3
C,3
Android,3
macOS,3
dev.py,3
set-ruby-version,3
builder,3
reconcile_docs_to_index.bash,3
eksctl,3
green,3
hue,3
end,3
setsid,3
phan,3
dmesg,3
pilot,3
coverageReport,3
sc.exe,3
mup,3
node_version,3
"envinfo""",3
build_docker_image,3
startup,3
ecr-push,3
arduino-cli,3
run-tox,3
python3-wheel,3
ktlint,3
vue,3
nvim,3
richgo,3
USERNAME,3
paver,3
Escape,3
demos-python,3
install-python-components,3
reg-suit,3
z3,3
ngrok,3
validjson,3
gcloud-auth,3
gdb,3
sl,3
package.yaml,3
scalafmtCheckAll,3
cli.bundled.js,3
artillery,3
packr2,3
running_npm_build,3
ccm,3
pip-sync,3
whisk,3
kedro,3
lint-github-pr,3
ditto,3
codacy-coverage-reporter,3
decrypt_creds,3
build_backend_and_push,3
"tox""",3
terragrunt,3
spectacle,3
next,3
paramcache.awesome,3
a0-ext,3
postgresql-9.6,3
girder-cli,3
harbor-compose,3
android-27,3
linkhealth,3
mongoimport,3
main.js,3
msbuild.exe,3
_mocha,3
manage,3
ghc-version,3
mk-cabal-project,3
resolver,3
check-git,3
libxslt-dev,3
t,3
android-lint,3
install-package,3
JSON-RPC,3
before-save-build-cache,3
before-restore-security-audit-cache,3
after-restore-release-cache,3
before-save-release-cache,3
Genesis,3
before-restore-tarpaulin-cache,3
rackup,3
"false""",3
get_cromwell,3
Execute,3
circlemator,3
gocov,3
typings,3
<meta,3
cobc,3
cobcrun,3
type-check,3
image,3
github,3
kube-job,3
bitrise,3
psalm.phar,3
composerRequireChecker,3
"compile""",3
build_containers,3
tinygo,3
libsnappy-dev,3
libleveldb-dev,3
abci,3
setup_env,3
ohai,3
chef-client,3
pyre,3
graknlabs_grakn_core,3
generate-atomic-docs.rb,3
run-browserstack,3
install-browserstack,3
bin.js,3
coursier,3
github_changelog_generator,3
doctoc,3
mason,3
cibuildwheel,3
install-build-dependencies,3
codeclimate,3
docker-make,3
unpack-node,3
setup_cmor,3
mill,3
neuromag2ft,3
"\""",3
_site,3
libzmq3-dev,3
npm-e2e-install,3
rbt,3
download-gradle-dependencies,3
waf,3
when-git-dirty,3
android-28,3
anchore-cli,3
"coveralls""",3
SDL2.dll,3
zlib1.dll,3
SDL2_image.dll,3
LICENSE,3
libpng16-16.dll,3
minio,3
flynn,3
x,3
gperf,3
freeglut3-dev,3
python-virtualenv,3
install_wp_core,3
xmllint,3
nikola,3
d,3
pg_restore,2
run.js,2
linux-x64,2
start-server,2
grabpl,2
run-suite,2
golangci-lint-1.24.0-linux-amd64.tar.gz,2
s,2
go-sumtype,2
se-daemon,2
opla,2
33m,2
36m,2
postmark,2
pdo_mysql,2
libmcrypt-dev,2
sockets,2
restart,2
docker-sign-in,2
prism,2
Import,2
TestCafe,2
Jest,2
particle,2
jahia-cli,2
gomplate,2
cuda_10.1.243_426.00_win10.exe,2
wheel-build-template,2
poac,2
watch_service,2
install_node,2
add_ssh_keys,2
"version""",2
faunadb-admin,2
faunadb,2
app-out,2
_next,2
pack,2
rstudio-server,2
runCxConsole.cmd,2
sm-circle-ci,2
spawn,2
emerge,2
jmeter,2
orchis,2
gcc-multilib,2
chrpath,2
python-minimal,2
logparser,2
cli.node.js,2
ansible-container,2
nuc_data_make,2
libjpeg62-turbo-dev,2
apt-utils,2
Flash,2
Neko,2
Documentation,2
esmvaltool,2
check_changes,2
show_information,2
go-bindata-assetfs,2
00.run_all.py,2
run_jupyter_vcdat,2
setup_jupyter_vcdat,2
keplrPublish,2
pygmentize,2
simdem,2
uat_in_app_environment,2
prod_in_app_environment,2
flake,2
gcovr,2
sage,2
rtd-build,2
create-react-app,2
zlib-devel,2
boost-devel,2
iasl,2
lzma,2
m4,2
bc,2
libmicrohttpd-dev,2
blockchain,2
pyb,2
Check-in,2
delete,2
deps,2
"3.0""",2
"tools""",2
build-tools,2
extras,2
"25.0.3""",2
lldb,2
"platform-tools""",2
"emulator""",2
Get-Process,2
it,2
phploc,2
security_audit,2
dependencies_install,2
publish_npm,2
nats-streaming-server,2
ds054,2
manylinux1_x86_64,2
fmriprep-docker,2
sub-100185_noerror.html,2
_get_codecov,2
prepare_working_directory,2
build_main_image_py36,2
set_pr_number,2
web,2
MPL,2
ZPL,2
WTFPL,2
BSD,2
ISC,2
Apache,2
Unlicense',2
LGPL,2
license-checker,2
Sample,2
await-postgres,2
deploy_docker,2
upload_to_github,2
build_linuxpkg,2
upload_to_bintray,2
prepare_linuxpkg,2
hc,2
holochain,2
Invoke-RestMethod,2
get-credentials,2
activate-service-account,2
butler,2
Rename-Item,2
commit-message-install,2
inspect_to_junit.py,2
appraisal,2
ðŸ‘©â€ðŸ’»,2
ðŸ†•,2
ðŸ”,2
ðŸ›,2
ðŸŽ¨,2
pip-licenses,2
lessc,2
vaddy-linux-64bit,2
rails_best_practices,2
show_infomation,2
cfcli,2
libvpx-dev,2
check-publish-version,2
html5v,2
install_image_minimal_dependencies,2
git_submodule_install,2
extract_build_archive,2
archive_build,2
remove_package_lock,2
tap,2
make_workspace,2
erlang-syntax-tools,2
erlang-runtime-tools,2
erlang-mnesia,2
erlang-asn1,2
yo,2
zap2docker-weekly,2
covimerage,2
install_docker_client,2
nancy,2
chktex,2
run_bundle_install,2
libboost-iostreams-dev,2
libboost-all-dev,2
publish-docs,2
sphinx-install,2
*.json',2
*.yml',2
apply,2
rollout,2
log_in_to_quay,2
set_environment,2
pro,2
javadoc,2
nixfromnpm,2
pull-all,2
push-all,2
wine,2
grant,2
"28.0.2""",2
emulator_launch,2
emulator_setup,2
phinx,2
state,2
pip3.6,2
lab_wiki_builder.py,2
GTests,2
eatmydata,2
reek,2
"1.0.0-beta4""",2
ocaml,2
dataset_description.json,2
*.json,2
goproxy,2
homebrew,2
dos2unix,2
"jest""",2
postgresql,2
binutils-dev,2
get_deps,2
debconf-set-selections,2
pdfenv,2
push_dev_bucket,2
release_to_int,2
push_preprod_bucket,2
push_prod_bucket,2
tor,2
torsocks,2
vendor\bin\phpunit,2
vendor\bin\pcov,2
backstop,2
travis-build.bash,2
Bump,2
.cicommon\cmake_vs_build.bat,2
sharpcd,2
groovy,2
build.ps1,2
setup-git,2
run-build-release-and-publish,2
add-ssh-known-hosts,2
run-checksum,2
download-node-dependencies,2
Builds,2
Pushed,2
build-ext,2
citus_indent,2
install_python_2,2
tl-infra,2
RETRIES,2
overalls,2
libatk-bridge2.0-0,2
failures,2
.\garden-service\dist\windows-amd64\garden.exe,2
"coverageReport""",2
llvm-profdata,2
check.py,2
black-nb,2
raiden,2
run-scan-build,2
unstack,2
vuls,2
analyzer,2
serve,2
defaults,2
review-epubmaker,2
upload_release_asset.py,2
build_deb.py,2
build_rpm.py,2
deviceplane,2
patchelf,2
statik,2
restartAVD,2
node-release,2
yaml-lint,2
tailor,2
pylint3,2
listen,2
EXPOSE,2
server_name,2
xauth,2
char,2
strace,2
trial,2
modvendor,2
llvm-dev,2
run-prove,2
select,2
should,2
please,2
k8s-deployment,2
grailsw,2
redis,2
codesign.bash,2
checksum,2
esphome,2
install_system_deps,2
salt-call,2
condo,2
scss-lint,2
main',2
build-librdkafka,2
ehco,2
kernda,2
ghctl,2
mbt,2
libmagic,2
jpeg-dev,2
postgresql-dev,2
libpq,2
jest.js,2
gulp',2
start-qemu,2
krew-release-bot,2
php-7.1,2
php-5.3,2
php-5.4,2
php-7.0,2
php-5.6,2
rambler,2
pyyaml,2
hyper,2
save_sha,2
miskweb,2
ensure_head,2
push_image_to_ecr,2
dput,2
sandbox,2
build_docker,2
sandbox_ssh,2
deptrac,2
webext,2
dialogflow-query-checker,2
lbuild,2
cause,2
sign,2
htpasswd,2
systeminfo,2
I,2
mysqldump,2
dpkg-dev,2
r-cran-ggplot2,2
pg_createcluster,2
y,2
messabs,2
mess,2
messpf,2
messsym,2
push_chainlink,2
publish-command,2
electron-mocha,2
rethinkdb,2
exo,2
circle-build-package,2
install-texlive,2
shc,2
snakemake,2
hackmyresume,2
generator.py,2
pybot,2
do_ci.ps1,2
ll,2
rename,2
lxml,2
mkwheelhouse,2
run-tox-scenario,2
build-dist,2
db-migrate,2
clever,2
git-checkout,2
xunit-viewer,2
build-cross-dependencies,2
install-yarn-dependencies,2
link-cross-dependencies,2
ech,2
electron-forge,2
certutil,2
build_pdf,2
"build""",2
elm-package,2
pyclean,2
dbus-launch,2
save-cache-checksum,2
install-pip,2
kompose,2
chruby,2
scikit-learn,2
joblib,2
pylbfgs,2
meds,2
galsim,2
ngmix,2
tqdm,2
registry_login,2
makepkg,2
mkdeb,2
x86_64-w64-mingw32-qmake-qt5,2
needs,2
environment.js,2
libpcre3-dev,2
pear,2
yardoc,2
gnupg2,2
codacy-coverage,2
pg_prove,2
cantrips,2
upload-codeclimate,2
setup-codeclimate,2
upload-codecov,2
glean_app,2
OpenCover.Console.exe,2
fn,2
qshell,2
create-virtualenv-template,2
run-dockerbuild,2
run-buildjava,2
install_bundle,2
ACCESS_KEY_ID,2
SECRET_ACCESS_KEY,2
overcommit,2
puppet,2
client,2
deploy.py,2
ncurses-dev,2
pngcrush,2
axel,2
httpwait_linux_amd64,2
protractor,2
strings,2
null,2
benchmark,2
autogen,2
popper,2
bucket,2
elm-format,2
theme,2
osf,2
coverageOff,2
ecs-tool,2
stationery,2
bnetserver,2
chlog,2
ts-node,2
build-vendor-bundle,2
build-stage1,2
build-stage2,2
build-prepare,2
ossutil,2
aclocal,2
flatpak,2
getVersion,2
semver-from-git,2
znc-buildmod,2
ecr-login,2
pngquant,2
dump,2
wake,2
aglio,2
sample,2
wstool,2
linter,2
forspell,2
chicken-install,2
perlcritic,2
imagic,2
gen_release.pex,2
ptr_ownership,2
luajit,2
build.wls,2
install.wls,2
node-pre-gyp-github,2
gbs,2
delete_by_keyword,2
HASHED_PASSWORD,2
pipdeptree,2
insert,2
values,2
npm_secret,2
Write-Output,2
flake8-python-code,2
build-documentation-python,2
build-python-interface,2
demos-python-mpi,2
github-pr-review,2
lois,2
debugbear,2
auth,2
some_kubernetes_shenanigans,2
cbt,2
rollup,2
pvs-studio-analyzer,2
install-examples,2
examples-mn,2
adx,2
haskell-stack,2
dts,2
neko,2
run_linter,2
allure-results,2
jsvu,2
install-binaries,2
requirements.txt,2
transcrypt,2
Initial,2
Integrated,2
kube-deploy,2
nit,2
committing,2
wger,2
rstudio,2
php5,2
"publish""",2
run-dch,2
run-nest-deb,2
expo-cli,2
parser-lib,2
sourcekit-inproc',2
stdlib,2
toolchain-tools,2
compiler,2
clang-resource-dir-symlink,2
license,2
sdk-overlay,2
gx,2
fhirutil,2
create-dist,2
"rubocop""",2
convox,2
build-wrapper,2
step-build-electron,2
step-install-arduino-cli-on-linux,2
step-build,2
step-dist-electron,2
step-lint,2
step-install,2
step-install-arduino-cli-on-mac,2
step-bump-version,2
convert,2
33mImporting,2
xenon,2
install_back_dependencies,2
plugins,2
spacejam,2
app.py,2
supervisord,2
circle-debug-dump,2
swag,2
rustup-init.exe,2
tinker,2
setup_browserstack,2
emmake,2
install-gem-ios,2
install-react-native-cli,2
agent,2
Push,2
salmon,2
jetty_wait,2
containers,2
geekbench4,2
mail,2
vips-dev,2
bitcoind-daemon,2
parity-daemon,2
ldc2,2
texlive-fonts-recommended,2
texlive-latex-recommended,2
push_preprod_ecr,2
push_prod_ecr,2
youtube-dl,2
watchman,2
cavy,2
ibazel-benchmark-runner,2
ncu,2
expr,2
pull,2
cboard-bootstrap,2
wkhtmltopdf,2
mongoexport,2
circle-publish-npm,2
"addon-google_apis-google-23""",2
gradlew.bat,2
angular-cli-ghpages,2
less,2
groff,2
phpmetrics,2
batect,2
da,2
tap-postgres,2
tap-github,2
qemu-system-arm,2
healthcheck,2
capture-log,2
mysql.server,2
project.rb,2
stylint,2
gpm,2
agda,2
cloud_sql_proxy_linux,2
build-ext-template,2
before_script,2
blogsync,2
hiplot-render,2
wordpress,2
xcode-select,2
a,2
compile-libraries,2
launch-emulator,2
wait-for-emulator,2
bd,2
"1.0.1""",2
<<^,2
autopub,2
xgo,2
21.0.0',2
protolock,2
32mPrettier,2
32mESLint,2
dvipdfmx,2
Install-Module,2
templater,2
pug-lint,2
kes,2
ruby-dev,2
ruby-bundler,2
ruby-io-console,2
gcauth,2
spectacles,2
check-code-format,2
bootstrap-packages,2
run_regressions,2
treefrog,2
provider,2
pnpx,2
babel,2
graphviz-devel,2
valac,2
eleventy,2
install-reporter,2
create-venv,2
dosfstools,2
dotnet-sonarscanner,2
gauge,2
apache2ctl,2
check-go.mod,2
etserver,2
et,2
clean_up_ecr,2
singleuser-data100,2
oa-to-md,2
docker-machine,2
bitcoin-core.daemon,2
build_context.py,2
proto,2
install-licenser,2
package_envoy.py,2
install-proto,2
these,2
DiceLen.py,2
tidy-json.py,2
dupcheck.py,2
dupassign.py,2
ItemDescLen.py,2
normalize.py,2
DiceFont.py,2
ItemLen.py,2
StoryFont.py,2
ChipDescLong.py,2
ChipFont.py,2
StoryBTNFont.py,2
ItemFont.py,2
ItemDescFont.py,2
checkjson.py,2
SETUP_VIRTUALENV,2
"project""",2
SUBMIT_COVERAGE,2
"venv""",2
RUN_TESTS,2
toolchain-m68k,2
.\HelloVCExe.exe,2
astilectron-bundler,2
registry.heroku.com,2
wsk,2
google-cloud-sdk,2
openjdk-8-jdk,2
Get-Content,2
install_dc,2
install_kustomize,2
bst,2
qpdf,2
caddy,2
cmd,2
CONSTRAINT,2
age,2
last_name,2
datadog-agent,2
dd-agent,2
docker-pull,2
dokku,2
gren,2
seq,2
slack,2
ci-check,2
arduino-builder,2
HostName,2
githubrelease,2
easy_install,2
dkp-pacman,2
vapor,2
certbot,2
arm-linux-gnueabihf-gcc,2
download_dep,2
i18n,2
docker-go112,2
create-image,2
cm,2
shiny-server,2
anchor_install_deps,2
Build.hs,2
ddev,2
babel-node,2
license-cli,2
"EsyPesyStarterApp.exe""",2
imagemagick,2
libcurl4-gnutls-dev,2
c\,2
towncrier,2
paramcache,2
getpy3,2
system-setup.py,2
ajv,2
optipng,2
installation_dependency,2
pyppeteer-install,2
MSBuild,2
lua5.3,2
solo-blockchain-import,2
solod,2
"sonatypeReleaseAll""",2
"retrieveGPGKeys""",2
cinst,2
upload_to_deploy_gate,2
download_deps,2
whois,2
astronomer-ci,2
monaca,2
container,2
berks,2
:,2
environment,2
message,2
install-npm-modules,2
rebuild-detox,2
install-apple-sim-utils,2
deb-src,2
create-android-ndk-dir,2
setup-buck,2
setup-keys,2
download-buck-dependencies,2
download-buck,2
hello_world_distributed,2
install_python_dependencies,2
phpunit5,2
press,2
setenv,2
generate-build-info,2
src,2
"\""",2
build-binaries,2
runner,2
index,2
install_libs.py,2
setup_codeclimate,2
generate_coverage_report,2
.\rust.exe,2
ngcc,2
wdio,2
broke,2
The,2
"commit""",2
swipl,2
main.dummy.js,2
javascript,2
make_task_def,2
coverageAggregate,2
gcc-arm-linux-gnueabihf,2
FTL-client,2
7058bb86c6eeab6faf563c7c61537579e7a493b9e1f74835a554f0ac7345e1bf,2
api,2
get_star_index,2
samples_npm_install_and_link,2
auto,2
sfdx_version,2
authorise_org,2
neither,2
logging,2
azure-cli,2
Bump*,2
urpmi.addmedia,2
urpmi,2
manticore,2
solc-select,2
node-sass,2
EOS,2
buildah,2
deploy-github.py,2
install_python3,2
serviceAccount.json,2
create-release-branch.js,2
rsrc,2
Y,2
bundle_install_rubies,2
mocha',2
reckoner,2
RadxPrint,2
upToQn.py,2
libminiupnpc-dev,2
curl.exe,2
softhsm2-util,2
eu,2
root-build,2
csc,2
domain,2
canada.ca,2
numerique.canada.ca,2
digital.canada.ca,2
libsdl1.2-dev,2
calc,2
crio,2
migrate.js,2
chgrp,2
proselint,2